first_name,last_name,email,phone_number,address,city,post_code
Thomas,Vinther,thomas.vinther0@example.com,211364,Strandvej 68,Aalborg,2200
Gustav,Kjær,gustav.kjær1@example.com,703876,Testvej 51,Esbjerg,2000
Sara,Rasmussen,sara.rasmussen2@example.com,828892,Testvej 102,Copenhagen,2300
Jens,Zachariassen,jens.zachariassen3@example.com,293330,Nørregade 23,Herning,2000
Charlie,Eriksen,charlie.eriksen4@example.com,362422,Strandvej 118,Kolding,1000
Signe,Hansen,signe.hansen5@example.com,861688,Strandvej 98,Vejle,2300
Anders,Westergaard,anders.westergaard6@example.com,924666,Hovedgade 55,Kolding,1000
Isak,Thomsen,isak.thomsen7@example.com,582331,Hovedgade 62,Aalborg,5000
Henrik,Andersen,henrik.andersen8@example.com,336149,Hovedgade 53,Aarhus,2100
Olivia,Larsen,olivia.larsen9@example.com,322781,Engvej 7,Esbjerg,9000
Dorte,Jensen,dorte.jensen10@example.com,927230,Nørregade 24,Aarhus,2100
Maja,Thomsen,maja.thomsen11@example.com,517193,Stationsvej 60,Esbjerg,5000
Katrine,Eriksen,katrine.eriksen12@example.com,893467,Testvej 106,Odense,1000
Bente,Christensen,bente.christensen13@example.com,945436,Skovvej 108,Odense,5000
Grethe,Kjær,grethe.kjær14@example.com,807737,Testvej 40,Kolding,2200
Charlie,Hansen,charlie.hansen15@example.com,223322,Nørregade 98,Odense,5000
Wanda,Frandsen,wanda.frandsen16@example.com,779768,Vestervej 78,Copenhagen,9000
Bo,Kjær,bo.kjær17@example.com,783681,Engvej 96,Esbjerg,5000
Katrine,Ytting,katrine.ytting18@example.com,395999,Strandvej 4,Roskilde,2100
Thomas,Ytting,thomas.ytting19@example.com,763629,Parkvej 48,Copenhagen,9000
Ulla,Madsen,ulla.madsen20@example.com,414763,Skovvej 34,Herning,5000
Bob,Simonsen,bob.simonsen21@example.com,495853,Parkvej 76,Vejle,2300
Zander,Quist,zander.quist22@example.com,247996,Parkvej 32,Herning,9000
Ida,Quist,ida.quist23@example.com,759191,Søndergade 30,Roskilde,1000
Anders,Zachariassen,anders.zachariassen24@example.com,871045,Stationsvej 104,Herning,7000
Zander,Berg,zander.berg25@example.com,478932,Vestervej 68,Kolding,2100
Hanna,Thomsen,hanna.thomsen26@example.com,297282,Nørregade 75,Randers,8000
Signe,Eriksen,signe.eriksen27@example.com,457796,Strandvej 23,Randers,9000
Dorte,Madsen,dorte.madsen28@example.com,517490,Engvej 85,Roskilde,2200
Charlie,Westergaard,charlie.westergaard29@example.com,468089,Hovedgade 88,Copenhagen,1000
Eva,Eriksen,eva.eriksen30@example.com,676896,Skovvej 13,Aarhus,2000
Sara,Gregersen,sara.gregersen31@example.com,818433,Søndergade 88,Vejle,6000
Ingrid,Eriksen,ingrid.eriksen32@example.com,821239,Stationsvej 40,Aalborg,2200
Hanna,Quist,hanna.quist33@example.com,979566,Skovvej 58,Kolding,2300
Jacob,Iversen,jacob.iversen34@example.com,291941,Testvej 74,Odense,2000
Signe,Dahl,signe.dahl35@example.com,517237,Strandvej 56,Randers,6000
Emil,Thomsen,emil.thomsen36@example.com,258730,Engvej 94,Esbjerg,9000
Flemming,Westergaard,flemming.westergaard37@example.com,266542,Nørregade 3,Randers,9000
Lone,Eriksen,lone.eriksen38@example.com,772165,Vestervej 51,Aalborg,2000
Ulla,Rasmussen,ulla.rasmussen39@example.com,216250,Skovvej 92,Aalborg,2100
Rasmus,Frandsen,rasmus.frandsen40@example.com,494529,Hovedgade 28,Kolding,2100
Bo,Rasmussen,bo.rasmussen41@example.com,898388,Stationsvej 66,Herning,2200
Gustav,Thomsen,gustav.thomsen42@example.com,613129,Strandvej 30,Randers,8000
Ida,Gregersen,ida.gregersen43@example.com,732741,Testvej 48,Odense,2000
Yasmin,Thomsen,yasmin.thomsen44@example.com,263476,Skovvej 84,Vejle,2200
Yasmin,Vinther,yasmin.vinther45@example.com,635637,Stationsvej 49,Odense,6000
Carla,Simonsen,carla.simonsen46@example.com,361417,Strandvej 109,Odense,5000
Hanna,Quist,hanna.quist47@example.com,201458,Engvej 71,Aalborg,1000
Tobias,Madsen,tobias.madsen48@example.com,251642,Søndergade 47,Odense,2200
Xenia,Olsen,xenia.olsen49@example.com,936178,Parkvej 99,Herning,2000
Ida,Gregersen,ida.gregersen50@example.com,974295,Engvej 105,Aalborg,9000
Alice,Frandsen,alice.frandsen51@example.com,889815,Stationsvej 65,Randers,5000
Rasmus,Ytting,rasmus.ytting52@example.com,528146,Skovvej 20,Kolding,6000
Gustav,Olsen,gustav.olsen53@example.com,233255,Nørregade 51,Roskilde,2300
Rasmus,Quist,rasmus.quist54@example.com,989789,Vestervej 37,Esbjerg,2200
Yasmin,Dahl,yasmin.dahl55@example.com,864235,Strandvej 73,Odense,6000
Jonas,Andersen,jonas.andersen56@example.com,752561,Søndergade 9,Randers,8000
Casper,Eriksen,casper.eriksen57@example.com,549765,Vestervej 47,Randers,1000
Maja,Frandsen,maja.frandsen58@example.com,551435,Engvej 113,Copenhagen,2100
Thomas,Gregersen,thomas.gregersen59@example.com,336788,Strandvej 1,Herning,2300
