first_name,last_name,email,phone_number
Nanna,Kjær,nanna.kjær.emp0@example.com,915179
Yvonne,Westergaard,yvonne.westergaard.emp1@example.com,888921
Pia,Ytting,pia.ytting.emp2@example.com,545543
Jonas,Frandsen,jonas.frandsen.emp3@example.com,371334
Eva,Pedersen,eva.pedersen.emp4@example.com,717255
Jens,Kjær,jens.kjær.emp5@example.com,438690
Isak,Pedersen,isak.pedersen.emp6@example.com,905526
Yvonne,Berg,yvonne.berg.emp7@example.com,545436
Zander,Larsen,zander.larsen.emp8@example.com,986350
Gitte,Quist,gitte.quist.emp9@example.com,959367
Oskar,Jensen,oskar.jensen.emp10@example.com,308784
Pia,Ytting,pia.ytting.emp11@example.com,912024
Jens,Larsen,jens.larsen.emp12@example.com,788264
Flemming,Dahl,flemming.dahl.emp13@example.com,849451
Yvonne,Westergaard,yvonne.westergaard.emp14@example.com,513362
Jacob,Rasmussen,jacob.rasmussen.emp15@example.com,728379
Hanna,Jensen,hanna.jensen.emp16@example.com,593822
Jacob,Jensen,jacob.jensen.emp17@example.com,841769
Nikolaj,Hansen,nikolaj.hansen.emp18@example.com,502994
Pia,Thomsen,pia.thomsen.emp19@example.com,323856
